INSERT INTO student (id, name, birthday, groupnumber) VALUES (1, 'John', '1999-01-08', 1);
INSERT INTO student (id, name, birthday, groupnumber) VALUES (2, 'Chris', '1999-02-08', 1);
INSERT INTO student (id, name, birthday, groupnumber) VALUES (3, 'Carl', '1999-03-08', 1);
INSERT INTO student (id, name, birthday, groupnumber) VALUES (4, 'Oliver', '1999-04-22', 2);
INSERT INTO student (id, name, birthday, groupnumber) VALUES (5, 'James', '1999-05-12', 2);
INSERT INTO student (id, name, birthday, groupnumber) VALUES (6, 'Lucas', '1999-01-22', 2);
INSERT INTO student (id, name, birthday, groupnumber) VALUES (7, 'Henry', '1999-02-11', 2);
INSERT INTO student (id, name, birthday, groupnumber) VALUES (8, 'Jacob', '1999-11-12', 3);
INSERT INTO student (id, name, birthday, groupnumber) VALUES (9, 'Logan', '1999-09-21', 3);
INSERT INTO student (id, name, birthday, groupnumber) VALUES (10, 'Cloy', '1999-08-22', 4);
INSERT INTO student (id, name, birthday, groupnumber) VALUES (11, 'Maxim', '1999-07-13', 4);
INSERT INTO student (id, name, birthday, groupnumber) VALUES (12, 'Clark', '1999-06-14', 5);
INSERT INTO student (id, name, birthday, groupnumber) VALUES (13, 'Cristian', '1999-05-11', 5);
INSERT INTO subject (id, name, description,grade)  VALUES (1, 'Art', 'art', 1);
INSERT INTO subject (id, name, description,grade)  VALUES (2, 'Music', 'music', 1);
INSERT INTO subject (id, name, description,grade)  VALUES (3, 'Geography', 'geography', 2);
INSERT INTO subject (id, name, description,grade)  VALUES (4, 'History', 'history', 2);
INSERT INTO subject (id, name, description,grade)  VALUES (5, 'PE', 'PE', 3);
INSERT INTO subject (id, name, description,grade)  VALUES (6, 'Math', 'math', 3);
INSERT INTO subject (id, name, description,grade)  VALUES (7, 'Science', 'science', 4);
INSERT INTO subject (id, name, description,grade)  VALUES (8, 'IT', 'IT', 4);
INSERT INTO subject (id, name, description,grade)  VALUES (9, 'Physics', 'physics', 5);
INSERT INTO subject (id, name, description,grade)  VALUES (10, 'Chemistry', 'chemistry', 5);
INSERT INTO paymenttype (id, name)  VALUES (1, 'DAILY');
INSERT INTO paymenttype (id, name)  VALUES (2, 'WEEKLY');
INSERT INTO paymenttype (id, name)  VALUES (3, 'MONTHLY');
INSERT INTO payment (id, type_id, amount, student_id, payment_date)  VALUES (1, 2, 1000, 1, '2022-01-15');
INSERT INTO payment (id, type_id, amount, student_id, payment_date)  VALUES (2, 3, 1000, 4, '2022-01-15');
INSERT INTO payment (id, type_id, amount, student_id, payment_date)  VALUES (3, 2, 1000, 7, '2022-01-15');
INSERT INTO payment (id, type_id, amount, student_id, payment_date)  VALUES (4, 1, 1000, 5, '2022-01-15');
INSERT INTO payment (id, type_id, amount, student_id, payment_date)  VALUES (5, 2, 1000, 13, '2022-01-15');
INSERT INTO payment (id, type_id, amount, student_id, payment_date)  VALUES (6, 1, 1000, 10, '2022-01-15');
INSERT INTO payment (id, type_id, amount, student_id, payment_date)  VALUES (7, 3, 2000.50, 9, '2022-02-15 15:00:00');
INSERT INTO mark (id, student_id, subject_id, mark)  VALUES (1, 2, 1, 8);
INSERT INTO mark (id, student_id, subject_id, mark)  VALUES (2, 4, 4, 5);
INSERT INTO mark (id, student_id, subject_id, mark)  VALUES (3, 5, 3, 9);
INSERT INTO mark (id, student_id, subject_id, mark)  VALUES (4, 8, 6, 4);
INSERT INTO mark (id, student_id, subject_id, mark)  VALUES (5, 9, 5, 9);
INSERT INTO mark (id, student_id, subject_id, mark)  VALUES (6, 1, 2, 8);
INSERT INTO mark (id, student_id, subject_id, mark)  VALUES (7, 3, 1, 3);
INSERT INTO mark (id, student_id, subject_id, mark)  VALUES (8, 6, 4, 8);
INSERT INTO mark (id, student_id, subject_id, mark)  VALUES (9, 7, 3, 9);
INSERT INTO mark (id, student_id, subject_id, mark)  VALUES (10, 10, 7, 7);
INSERT INTO mark (id, student_id, subject_id, mark)  VALUES (11, 11, 8, 6);
INSERT INTO mark (id, student_id, subject_id, mark)  VALUES (12, 12, 9, 5);
INSERT INTO mark (id, student_id, subject_id, mark)  VALUES (13, 13, 10, 5);
